{
  "project_info": {
    "project_number": "92938026768",
    "project_id": "registerlogin-app",
    "storage_bucket": "registerlogin-app.appspot.com"
  },
  "client": [
    {
      "client_info": {
        "mobilesdk_app_id": "1:92938026768:android:40adc54aed79b2510def95",
        "android_client_info": {
          "package_name": "com.example.myapplication"
        }
      },
      "oauth_client": [
        {
          "client_id": "92938026768-k0tftl2jcuke4k5ij9b57phvicphuft3.apps.googleusercontent.com",
          "client_type": 3
        }
      ],
      "api_key": [
        {
          "current_key": "AIzaSyB1Z5cV_iwcCNiYJBNSlE5oJdinE_g9fBk"
        }
      ],
      "services": {
        "appinvite_service": {
          "other_platform_oauth_client": [
            {
              "client_id": "92938026768-k0tftl2jcuke4k5ij9b57phvicphuft3.apps.googleusercontent.com",
              "client_type": 3
            }
          ]
        }
      }
    },
    {
      "client_info": {
        "mobilesdk_app_id": "1:92938026768:android:a73715dccebf97070def95",
        "android_client_info": {
          "package_name": "com.example.rhendyapp"
        }
      },
      "oauth_client": [
        {
          "client_id": "92938026768-qetd34rgmojvbjkv8rniuimacvbfvou6.apps.googleusercontent.com",
          "client_type": 1,
          "android_info": {
            "package_name": "com.example.rhendyapp",
            "certificate_hash": "6a5feefbe2a611ef7cfa3e00facf3fb5a8f61a29"
          }
        },
        {
          "client_id": "92938026768-k0tftl2jcuke4k5ij9b57phvicphuft3.apps.googleusercontent.com",
          "client_type": 3
        }
      ],
      "api_key": [
        {
          "current_key": "AIzaSyB1Z5cV_iwcCNiYJBNSlE5oJdinE_g9fBk"
        }
      ],
      "services": {
        "appinvite_service": {
          "other_platform_oauth_client": [
            {
              "client_id": "92938026768-k0tftl2jcuke4k5ij9b57phvicphuft3.apps.googleusercontent.com",
              "client_type": 3
            }
          ]
        }
      }
    }
  ],
  "configuration_version": "1"
}